models/book/appendixE/p300-hotel.als,models/book/appendixE/hotel.thm
models/book/appendixE/p303-hotel.als,models/book/appendixE/hotel.thm
models/book/appendixE/p306-hotel.als,models/book/appendixE/hotel.thm
models/book/chapter2/addressBook1a.als,models/book/chapter2/theme.thm
models/book/chapter2/addressBook1b.als,models/book/chapter2/theme.thm
models/book/chapter2/addressBook1c.als,models/book/chapter2/theme.thm
models/book/chapter2/addressBook1d.als,models/book/chapter2/theme.thm
models/book/chapter2/addressBook1e.als,models/book/chapter2/theme.thm
models/book/chapter2/addressBook1f.als,models/book/chapter2/theme.thm
models/book/chapter2/addressBook1g.als,models/book/chapter2/theme.thm
models/book/chapter2/addressBook1h.als,models/book/chapter2/theme.thm
models/book/chapter2/addressBook2a.als,models/book/chapter2/theme.thm
models/book/chapter2/addressBook2b.als,models/book/chapter2/theme.thm
models/book/chapter2/addressBook2c.als,models/book/chapter2/theme.thm
models/book/chapter2/addressBook2d.als,models/book/chapter2/theme.thm
models/book/chapter2/addressBook2e.als,models/book/chapter2/theme.thm
models/book/chapter2/addressBook3a.als,models/book/chapter2/theme.thm
models/book/chapter2/addressBook3b.als,models/book/chapter2/theme.thm
models/book/chapter2/addressBook3c.als,models/book/chapter2/theme.thm
models/book/chapter2/addressBook3d.als,models/book/chapter2/theme.thm
models/book/chapter6/hotel1.als,models/book/chapter6/hotel.thm
models/book/chapter6/hotel2.als,models/book/chapter6/hotel.thm
models/book/chapter6/hotel3.als,models/book/chapter6/hotel.thm
models/book/chapter6/hotel4.als,models/book/chapter6/hotel.thm
models/book/chapter6/ringElection1.als,models/book/chapter6/ringElection.thm
models/book/chapter6/ringElection2.als,models/book/chapter6/ringElection.thm
models/examples/algorithms/dijkstra.als,models/examples/algorithms/dijkstra.thm
models/examples/algorithms/messaging.als,models/examples/algorithms/messaging.thm
models/examples/algorithms/opt_spantree.als,models/examples/algorithms/opt_spantree.thm
models/examples/algorithms/ringlead.als,models/examples/algorithms/ringlead.thm
models/examples/algorithms/stable_mutex_ring.als,models/examples/algorithms/stable_mutex_ring.thm
models/examples/algorithms/stable_orient_ring.als,models/examples/algorithms/stable_orient_ring.thm
models/examples/algorithms/stable_ringlead.als,models/examples/algorithms/stable_ringlead.thm
models/examples/case_studies/firewire.als,models/examples/case_studies/firewire.thm
models/examples/puzzles/farmer.als,models/examples/puzzles/farmer.thm
models/examples/puzzles/handshake.als,models/examples/puzzles/handshake.thm
models/examples/puzzles/hanoi.als,models/examples/puzzles/hanoi.thm
models/examples/systems/file_system.als,models/examples/systems/file_system.thm
models/examples/systems/lists.als,models/examples/systems/lists.thm
models/examples/toys/birthday.als,models/examples/toys/birthday.thm
models/examples/toys/ceilingsAndFloors.als,models/examples/toys/ceilingsAndFloors.thm
models/examples/toys/genealogy.als,models/examples/toys/genealogy.thm
models/examples/toys/grandpa.als,models/examples/toys/grandpa.thm
models/examples/toys/life.als,models/examples/toys/life.thm
models/examples/toys/railway.als,models/examples/toys/railway.thm
models/flashfs/concreteFilesystem.als,models/flashfs/concreteFilesystem.thm
models/flashfs/refinement.als,models/flashfs/refinement.thm
models/flashfs/abstractFilesystem.als,models/flashfs/abstractFilesystem.thm
models/flashfs/flash.als,models/flashfs/flash.thm
models/aleks/mst.als,models/aleks/mst.thm
